Protocol,Flow Duration,Flow Byts/s,Flow Pkts/s,Flow IAT Mean,Flow IAT Std,Flow IAT Max,Flow IAT Min,Pkt Num,Pkt Len Min,Pkt Len Max,Pkt Len Mean,Pkt Len Std,FIN Flag Cnt,SYN Flag Cnt,RST Flag Cnt,PSH Flag Cnt,Label
6,14977,255.324831408159,6.67690458703345,151,3003,266,0,100,0,185,38,357,0,1,0,98,BENIGN
6,5960,716.442953020134,3.52348993288591,298,1233561,5012,0,21,0,271,203,9190,1,1,0,18,BENIGN
6,5678,619.23212398732,1.93730186685453,567,2432023,5002,0,11,0,1378,319,182469,1,1,0,7,BENIGN
6,6847,725.86534248576,1.89864174090843,570,2948669,6020,0,13,0,1597,382,210927,1,1,0,9,BENIGN
6,6423,929.627899735326,2.80242877160205,377,1429399,5011,0,18,0,474,331,36929,1,1,0,15,BENIGN
17,3139,95.5718381650207,1.91143676330041,627,740477,1625,0,6,50,50,50,0,0,0,0,0,BENIGN
17,3139,95.5718381650207,1.91143676330041,627,740477,1625,0,6,50,50,50,0,0,0,0,0,BENIGN
